"Ambito de decision","Componente/s impactado/s","Decision","Otras Alternativas","Justificacion de la decision"
"Objetos","Donacion, DonacionSegmentada","Separar la donacion original de las donaciones segmentadas: la Donacion recibe los bienes y genera automaticamente sus DonacionSegmentada agrupando por subcategoria y criterio del bien","Trabajar con una unica entidad Donacion sin segmentar","La subcategoria es la unidad minima de asignacion. Segmentar permite asignar cada grupo de bienes a distintas entidades beneficiarias de forma independiente, como pide la consigna. La segmentacion es responsabilidad de la propia Donacion."
"Objetos","Bien, BienDuradero, BienPerecedero","Jerarquia de Bien con criterio de segmentacion polimorfico (getCriterioSegmentacion): duraderos segmentan por estado, perecederos por fecha de vencimiento","Un unico tipo Bien con condicionales segun categoria","El polimorfismo evita condicionales dispersos: cada tipo de bien define su propio criterio de agrupacion. Facilita agregar nuevos tipos de bien sin modificar la logica de segmentacion."
"Objetos","ServicioMatchmaking, AlgoritmoAsignacion","Patron Strategy para los algoritmos de asignacion (AlgoritmoCompatibilidadSemantica y AlgoritmoPrioridadSubAtendidos), ejecutados y cruzados por ServicioMatchmaking","Un unico algoritmo de asignacion hardcodeado","Permite incorporar nuevos criterios de asignacion sin modificar el codigo existente (Open/Closed) y cruzar los resultados de ambos algoritmos para proponer las mejores entidades, segun pide la consigna."
"Objetos","DonacionSegmentada, EventoTrazabilidad","Maquina de estados con validacion de transiciones (transicionPosible) y registro de historial inmutable de eventos (EventoTrazabilidad)","Cambiar el estado con un setter simple sin validar ni auditar","Garantiza la trazabilidad y auditoria de cada cambio de estado exigida por la consigna, impide transiciones invalidas y deja registro de quien y cuando realizo cada cambio."
"Objetos","ImportadorCargaMasiva","Logica de upsert en la importacion CSV: si el email ya existe se actualizan sus datos (incluso cambiando el tipo de persona preservando el ID), si no existe se crea con password temporal","Crear siempre un donante nuevo sin verificar existencia","La consigna exige actualizar los registros existentes (por email) y crear los nuevos. Preservar el ID al cambiar de tipo de persona mantiene la integridad de las referencias."
"Arquitectura","DonacionesListasParaEntregarCron, LogisticaRestClient","Cron programado que detecta donaciones LISTA_PARA_ENTREGAR y las envia a logistica en lotes de maximo 100 (proceso asincronico/calendarizado)","Enviar cada donacion a logistica de forma sincronica al momento de listarla","Ejecutar en horario de baja carga y en lotes respeta la restriccion del proveedor (max 100 por ejecucion) y desacopla el ritmo de donaciones del de logistica, como pide la consigna."
"Arquitectura","LogisticaPollingTask","Polling periodico (cada 10s) al servicio de logistica para detectar eventos (INICIO_RUTA, ENTREGA_FALLIDA) y actualizar estados","Que logistica notifique a donaciones por push/webhook","La consigna prohibe que logistica invoque a otros servicios. El polling invierte la dependencia: donaciones consulta a logistica, manteniendo a logistica como servicio pasivo."
"Arquitectura","DonanteRoutes, EntidadBeneficiariaRoutes, MatchmakingRoutes","Centralizar las rutas REST en clases de constantes (Routes) en lugar de literales dispersos en los controllers","Escribir los paths como strings literales en cada anotacion del controller","Tener las rutas en un unico lugar evita duplicacion y errores de tipeo, y facilita mantener la consistencia de la API al modificar un endpoint."
"Persistencia","Todos los repositorios de donaciones","Almacenamiento en memoria (List/Map con AtomicInteger para IDs)","Base de datos relacional (MySQL/PostgreSQL)","La persistencia real corresponde a la Entrega 5. En esta etapa el foco esta en el modelado de dominio y la arquitectura, no en la infraestructura de datos."
